year,month,speciesRichness,occurrenceCount
2023,6,5704,328081
2015,7,4808,897402
2014,7,4643,1055179
2022,8,4219,254457
2006,9,2931,298819
2012,3,1414,89910
2012,6,4096,282001
2018,10,2070,136889
1993,4,1865,35988
2017,5,4454,418998
2023,3,1186,14377
2006,5,3627,189560
2005,7,4571,584460
1994,6,3440,102070
2017,9,2972,254303
2008,10,1305,53068
1976,8,1664,50843
1982,9,1506,32909
2000,4,1747,56215
1967,8,992,12275
1986,1,671,1634
1974,8,1493,33677
1984,10,938,10315
1990,4,1925,37515
1994,3,615,10552
1987,8,3208,92773
2020,2,758,3133
1995,4,1714,48724
1982,5,2375,34727
2009,10,1543,92737
2007,11,941,18832
2002,4,2429,97627
1981,6,2386,33810
1979,4,867,8810
1906,5,346,804
1991,12,879,5783
2004,2,560,7643
1992,12,782,6974
2010,2,252,3467
1981,3,427,4365
1970,10,373,4306
1997,12,1005,11010
1996,12,1109,11126
1961,1,63,132
1948,10,135,439
1950,7,785,2894
1964,1,103,158
1969,11,113,697
1957,5,568,1094
1968,6,1372,14226
2013,2,541,4038
1971,6,1368,15807
1931,7,639,2004
1918,8,577,2117
1966,4,413,1225
1971,3,260,1787
1935,8,670,2943
1930,11,40,109
1968,3,283,1377
1923,10,92,364
1975,2,287,1373
1952,10,157,490
1932,10,99,205
1905,7,836,2106
1892,4,59,178
1912,5,610,2040
1940,5,535,1135
1910,5,273,642
1957,9,334,844
1889,9,58,136
1941,4,187,401
1912,9,306,717
1903,2,20,87
1858,7,19,27
1866,7,35,40
1913,10,139,220
1896,4,107,193
1953,2,61,114
1960,10,179,420
1879,11,8,11
1940,9,267,493
1929,10,148,239
1887,10,28,43
1804,9,1,1
1954,2,22,50
1910,9,315,1461
1906,9,272,574
1850,9,5,6
1827,5,3,3
1914,2,43,92
1916,4,208,345
1882,6,95,125
1922,11,34,80
1889,5,103,203
1951,11,71,119
1877,7,85,102
1945,10,172,377
1888,10,25,27
1863,10,6,6
1928,1,61,69
1825,7,13,15
1937,12,14,26
1894,12,14,34
1886,4,38,56
1895,12,14,15
1848,7,18,23
1881,10,6,6
1899,1,16,19
1884,4,17,23
1897,11,27,48
1801,6,1,1
1917,12,8,22
1830,7,6,7
1880,4,22,30
1833,5,1,1
1885,4,22,34
1849,6,13,19
1893,1,10,14
1850,5,3,5
1876,1,2,2
1861,10,7,8
1907,1,21,24
1836,7,2,3
1821,7,1,1
1827,9,1,1
1832,6,2,3
1833,9,2,5
1882,3,10,11
1874,12,1,1
1835,8,2,3
1853,10,1,1
1826,12,1,1
1869,10,3,3
1855,10,3,3
1857,12,1,1
1829,9,2,2
1849,3,1,1
2018,8,4036,696626
2020,7,4239,327555
2022,10,2237,38747
2004,7,4874,538162
2013,7,4848,1008662
2002,9,2675,155845
2017,4,2732,190899
2019,12,695,6202
2010,7,4244,807755
2002,5,3971,167580
2007,6,4644,414641
1979,5,1422,13584
1990,9,1828,43502
1976,10,920,10984
1987,10,1767,19521
1974,10,551,4833
2001,1,658,2903
1994,11,623,10864
2023,11,1264,12641
1966,9,817,5900
1984,8,2721,93416
2009,8,3996,620784
1982,4,1171,14699
2000,5,4258,155115
2007,3,1038,45411
2008,8,3877,476249
2024,1,811,5428
1995,9,1697,73784
2000,9,2751,142822
1993,5,3129,62818
1975,7,1786,50637
1990,5,3279,81245
1995,5,2782,93864
2006,4,1690,97820
2015,2,653,6413
1993,9,2148,48851
2012,11,846,15324
1979,9,1612,24773
1978,1,592,1463
1970,8,1052,24758
1952,8,810,3046
1981,11,324,3827
1969,6,1236,14303
2014,2,584,7102
1960,8,769,2732
2005,2,415,4571
1957,4,379,873
1953,7,1109,3959
1971,11,173,1347
1932,8,748,1991
1906,4,195,473
1954,7,1119,4143
1887,8,112,182
1903,7,473,1150
1896,5,316,773
1966,5,924,2701
1923,8,362,1819
1948,8,728,3289
1881,8,104,188
1972,12,242,694
1951,6,986,4211
1945,8,465,1165
1968,11,132,1128
1930,6,710,1917
1922,6,687,2323
1967,10,312,2196
1969,3,194,739
1930,3,87,154
1913,8,559,2758
1916,5,399,1008
1916,9,275,506
1888,8,136,210
1914,7,594,1805
1965,1,442,561
1896,9,115,208
1885,9,49,82
1956,12,30,64
1929,8,532,1777
1939,1,53,87
1884,9,39,63
1885,5,44,79
1880,9,29,39
1940,4,198,373
1892,9,122,259
1951,3,48,98
1950,2,46,123
1935,10,176,453
1900,1,219,341
1910,4,146,279
1941,9,367,1023
1924,1,74,92
1918,10,49,82
1879,6,90,126
1897,6,511,1300
1869,8,39,61
1864,6,35,46
1912,4,258,593
1863,8,28,30
1905,2,30,94
1859,6,26,38
1886,9,37,47
1892,5,191,424
1843,3,1,1
1922,3,63,120
1941,5,408,957
1897,3,41,96
1880,5,28,33
1884,5,69,100
1886,5,45,62
1926,12,15,56
1934,1,122,292
1861,8,27,47
1854,1,13,14
1871,1,1,1
1958,1,41,63
1921,1,72,92
1843,6,9,15
1889,4,32,44
1963,12,149,263
1855,8,21,28
1909,1,32,36
1942,12,16,30
1931,2,45,68
1891,12,6,12
1901,1,19,20
1898,1,42,74
1834,5,2,3
1920,12,28,35
1848,2,1,5
1902,12,33,38
1853,8,3,3
1879,3,5,6
1839,6,1,2
1904,1,6,6
1882,11,7,7
1870,12,2,5
1829,4,0,1
1877,2,2,2
1850,4,1,1
1851,12,1,1
1866,2,4,4
1834,9,2,3
1807,7,1,1
1745,5,1,1
1859,3,2,2
1839,3,1,1
1883,1,3,4
1822,5,1,1
1856,1,1,1
1800,6,1,1
2019,5,4325,392136
2025,8,3028,131783
2024,2,1042,14556
2016,8,4034,652769
2021,10,2247,34719
2019,9,2939,323238
2011,6,4713,466245
1992,4,1486,38332
1986,7,3230,101104
1999,3,1155,22965
1973,6,1904,31372
1955,8,784,3989
1963,5,618,1647
1977,10,923,12737
2011,3,1087,71256
1972,9,1001,11356
1985,6,3036,46151
1998,6,4483,153548
1983,8,2996,84465
1998,3,1131,25349
1999,6,5266,177309
2001,2,539,3833
1997,4,2232,82536
1991,4,1647,31574
2003,11,708,15562
1996,4,1538,42989
1989,11,666,5564
1973,3,419,2449
2005,1,361,3488
1956,9,446,1218
2002,12,843,5054
1904,2,49,253
2000,12,911,5326
1961,7,897,3337
1876,7,63,102
2015,1,527,3184
1963,9,566,1979
1950,1,85,142
1962,6,1098,3997
1956,5,677,2343
1985,3,463,3116
1993,12,1084,7362
1980,11,285,3117
1959,8,671,3277
1928,7,594,1507
1988,11,453,4938
1942,9,195,342
1990,12,340,2095
1933,8,592,1754
1978,2,181,936
1979,12,638,2188
1964,7,1194,7455
1946,11,39,266
2014,1,874,4671
1911,6,570,1372
1972,5,1229,6272
1966,12,328,570
1995,12,816,8041
1947,8,578,2811
1949,6,772,3177
1925,6,785,1884
1899,7,714,1762
1874,4,4,5
1870,5,20,30
1926,9,349,801
1919,8,447,1508
1867,4,19,20
1920,5,430,1118
1943,10,109,226
1909,2,25,38
1895,4,70,126
1907,7,548,1377
1937,4,296,665
1927,8,507,1677
1938,11,63,162
1872,6,36,42
1915,8,621,1877
1936,10,117,360
1893,7,196,540
1858,1,1,1
1958,2,56,94
1920,9,277,627
1926,5,469,866
1891,9,135,275
1901,2,13,27
1894,4,79,135
1934,2,67,142
1908,10,158,346
1875,6,34,44
1841,10,20,20
1870,9,14,16
1942,5,374,812
1965,2,91,299
1902,9,194,404
1949,3,69,274
1911,3,32,80
1944,11,25,50
1925,3,77,168
1921,2,40,51
1846,11,7,7
1852,7,12,13
1806,7,4,4
1902,5,229,382
1873,8,26,33
1891,5,77,147
1814,6,2,5
1962,3,103,162
1917,4,66,115
1871,2,2,2
1880,12,9,9
1883,2,6,6
1941,12,34,40
1939,2,56,144
1844,4,14,17
1931,1,48,58
1916,12,17,20
1924,2,63,84
1896,12,6,10
1890,11,29,30
1898,2,31,42
1905,1,23,28
1892,12,5,12
1868,11,3,21
1886,12,14,16
1884,12,2,11
1851,5,6,9
1875,3,2,2
1845,2,2,2
1799,7,2,2
1857,4,3,6
1847,5,1,1
1828,10,4,4
1842,7,4,4
1900,2,30,34
1860,9,8,10
1840,5,4,4
1838,3,2,2
1816,6,3,3
1847,9,3,3
1860,5,5,6
1837,6,4,11
1872,3,2,2
1878,10,5,8
1838,6,1,1
1851,9,5,6
1885,12,4,4
1840,9,5,5
1818,6,2,4
1866,1,1,1
1877,1,3,3
1856,2,3,3
1830,1,1,2
2024,4,2770,111399
2018,6,5374,767529
2019,7,5042,1295994
1986,9,2498,38049
2012,10,1908,68108
2022,11,1258,10036
2008,6,5077,358470
2023,10,2364,46941
1984,6,3524,62082
2007,8,3458,413845
2018,3,1152,32422
2009,6,4618,561548
2001,4,1271,29320
1975,12,496,2326
1982,1,592,2317
1972,7,1619,31194
2020,12,662,2780
2017,1,597,4702
2009,3,916,49132
1986,5,2217,23678
1978,4,927,8838
1969,8,1108,23606
2008,3,691,21457
1994,10,1268,22854
1940,1,98,168
1996,2,490,2572
1942,7,430,1172
1961,5,693,1857
1991,2,312,3370
1981,10,749,5640
1970,6,1332,25728
1997,2,363,2776
2006,1,263,2995
2004,12,968,7314
1992,2,495,4937
1904,4,182,552
1956,7,881,3756
1951,8,858,3304
1974,11,294,2852
1984,3,668,3877
1965,4,384,1567
1957,1,39,60
1935,11,58,123
1930,8,612,1951
1976,11,345,3629
1948,3,174,625
1960,6,881,4059
1964,5,953,3909
1963,7,1007,4290
2010,12,284,4996
1971,10,774,5850
2013,12,1079,8430
1948,6,780,2891
1961,9,514,1916
1970,3,135,645
1907,9,479,1016
1926,7,732,2104
1952,6,1237,4686
1923,6,658,1674
1913,6,766,1674
1968,10,402,4818
1987,11,494,5128
1945,6,698,1307
1967,11,129,804
1893,5,262,677
1964,9,606,2623
1929,6,766,1792
1928,5,609,1284
1932,6,810,1852
1952,3,131,449
1958,4,294,682
1920,7,532,1438
1893,9,96,371
1929,3,159,263
1945,3,151,244
1922,8,539,2151
1876,5,36,42
1934,4,245,457
1888,6,169,259
1881,6,121,203
1879,8,89,150
1907,5,332,711
1900,4,186,364
1913,3,108,174
1899,5,370,653
1939,4,332,851
1928,9,355,873
1870,7,72,80
1891,7,266,594
1924,4,178,334
1953,12,58,89
1899,9,210,346
1960,3,106,320
1897,8,227,487
1902,7,479,1649
1912,1,23,39
1852,5,14,14
1921,4,201,341
1909,4,127,268
1898,4,160,335
1887,6,157,304
1860,7,23,23
1876,9,31,41
1869,6,31,34
1852,9,10,16
1918,11,21,35
1937,2,41,95
1901,4,138,206
1840,7,16,16
1863,3,4,4
1917,2,10,14
1932,3,119,185
1889,1,17,18
1910,1,20,34
1923,3,163,264
1954,12,54,72
1861,3,9,13
1906,1,18,26
1862,4,4,4
1888,3,26,38
1854,4,6,6
1863,6,30,42
1881,3,5,7
1894,2,19,33
1903,12,3,5
1895,2,11,16
1867,2,2,13
1851,7,9,9
1842,9,4,4
1861,6,21,26
1887,3,8,11
1857,2,1,1
1843,8,14,15
1871,4,11,14
1914,12,35,47
1859,8,22,27
1832,10,5,5
1847,7,4,4
1839,8,9,11
1865,4,6,7
1883,4,10,13
1864,8,12,15
1855,6,4,4
1853,6,1,1
1845,4,5,5
1842,5,3,3
1831,4,2,3
1882,10,14,14
1811,10,1,1
1799,9,3,3
1856,4,6,6
1850,1,1,1
1806,9,1,1
1853,3,1,1
1869,3,1,1
1849,10,1,1
1819,2,1,1
1812,2,1,1
2022,7,5828,423476
2015,8,4218,742056
2014,8,3259,461572
2020,10,1864,21834
2011,4,2734,256430
2005,8,3800,436648
1996,6,4165,189947
1997,6,4769,168142
1992,6,3910,151052
2025,1,752,6131
1905,8,338,790
1991,3,912,14177
1983,1,693,2641
1976,7,2816,82447
1997,3,1281,28778
2009,2,503,10780
1973,4,439,3874
1989,9,2030,41120
1988,9,2297,36219
2013,10,2121,106084
1987,7,4344,136165
2003,5,3676,176186
2004,10,1744,47084
2023,12,770,7194
1988,5,2830,43636
1999,4,2351,66173
2019,11,1172,21633
1989,5,2924,60009
1980,9,1609,24887
1998,4,1702,40447
1980,5,2051,25808
2003,9,3083,212129
1991,6,3221,61486
2018,2,657,6589
2010,10,2056,97685
1975,10,870,10376
1974,7,1693,37999
1992,3,709,10981
1949,4,289,752
1950,8,628,1859
2012,12,644,4394
1996,3,730,9203
1985,4,1255,17166
2008,2,391,8189
1972,11,258,1870
1915,1,97,151
1894,6,292,654
1946,5,543,1329
1938,5,468,1118
1962,4,441,1047
1994,12,882,8666
1971,12,378,1593
1895,6,424,891
1967,7,1159,16604
1877,8,53,85
1968,12,211,705
1984,2,349,1361
1946,9,420,1231
1944,5,483,1008
2016,1,620,4481
1981,12,585,2083
1935,7,918,3714
1890,5,166,377
1937,6,677,2205
1954,10,309,806
1918,7,744,2452
1938,9,324,774
1917,6,622,1598
1963,11,88,187
1923,2,58,149
1953,10,221,654
1858,8,16,18
1903,10,90,179
1944,9,200,362
1911,4,84,187
1931,8,685,2067
1948,2,59,184
1960,2,60,159
1937,3,65,143
1955,1,84,154
1970,2,91,195
1835,7,10,22
1952,2,51,152
1872,4,18,21
1913,2,24,87
1925,4,201,555
1844,6,10,11
1868,5,22,24
1929,2,49,56
1945,2,27,54
1857,6,31,57
1956,11,51,106
1846,9,18,22
1820,3,1,1
1959,1,512,575
1942,11,22,35
1890,9,76,155
1866,8,18,24
1932,2,72,101
1927,1,58,69
1914,10,149,325
1868,9,11,16
1947,1,44,58
1894,3,57,99
1882,12,3,4
1857,3,1,2
1933,1,52,65
1846,5,9,10
1867,3,19,19
1917,3,17,37
1825,8,4,4
1891,11,18,26
1902,11,17,63
1920,11,43,54
1926,11,33,69
1819,6,5,6
1820,6,18,22
1895,3,43,95
1844,3,14,22
1874,6,31,39
1867,6,20,24
1848,8,26,30
1830,8,2,2
1919,1,9,12
1888,2,3,5
1809,6,1,1
1805,6,4,4
1840,11,2,2
1810,6,1,2
1875,4,3,4
1812,6,1,1
1826,6,2,4
1807,10,1,1
1870,11,1,1
1887,2,2,2
1818,4,1,1
1874,3,3,3
1700,1,1,1
1803,7,1,1
1761,7,1,1
2008,7,4707,632568
2019,3,1709,94692
2019,6,5429,614693
2020,8,4133,213375
2018,7,4370,1268198
1999,9,2645,122027
1989,4,1452,13788
2022,2,799,5477
2004,8,3809,410907
2015,10,2109,113047
2009,7,4758,732867
2013,8,4116,874596
2010,8,3723,528458
1998,9,2824,95261
1975,8,1532,41895
1985,5,2579,34115
1973,5,1312,10496
1973,9,1023,13242
1841,1,75,440
2007,12,491,3944
1998,5,3272,175394
2021,1,701,2602
2011,9,2945,251839
2011,5,4068,319182
2003,4,1958,106956
2014,10,1859,83610
2005,10,1865,84726
1988,4,1551,19876
1999,5,4200,151563
1985,9,2124,37932
1963,6,1075,4265
1984,7,3345,106618
1943,1,41,58
1962,9,617,2269
1956,6,839,3262
1992,11,525,6995
1997,11,888,10331
1952,7,959,4552
1923,7,529,1794
1996,11,646,7705
1972,6,1583,11264
1980,4,1082,13229
1977,1,359,1611
1942,6,676,1514
1987,2,464,2909
1960,7,750,2840
1972,3,340,2404
1974,2,180,923
1950,10,184,317
1970,7,1207,25729
1962,5,560,1201
1949,5,641,2221
1953,8,872,3868
1991,11,593,8494
1905,10,118,259
1954,8,851,4042
1945,7,658,1813
1948,7,799,3670
1976,2,315,1804
1929,7,666,1711
1949,9,356,1606
1946,4,324,887
1911,5,403,1242
1967,2,128,468
1891,6,210,596
1903,8,368,726
1956,3,93,286
1866,10,12,13
1894,11,24,54
1932,7,640,2088
1926,6,767,1770
1914,8,482,1369
1920,3,64,124
1887,7,146,234
1969,12,350,1089
1913,7,593,1801
1920,6,681,1582
1918,2,15,73
1902,3,65,98
1881,7,105,141
1963,3,168,419
1888,7,154,229
1925,5,409,841
1944,4,245,367
1902,6,444,1069
1895,11,51,108
1937,11,30,91
1875,9,30,42
1935,2,42,136
1938,4,292,597
1925,9,206,480
1951,12,31,47
1840,6,8,8
1869,7,26,29
1911,9,249,566
1891,3,27,41
1872,9,15,23
1926,3,64,97
1931,10,178,339
1860,6,27,35
1855,7,17,18
1942,3,64,124
1861,7,33,40
1875,5,30,49
1936,1,65,93
1922,12,22,73
2026,2,67,133
1897,12,10,13
1908,1,28,35
1840,3,5,5
1890,4,78,98
1814,5,3,3
1917,11,40,81
1867,11,2,4
1858,10,5,6
1872,5,19,25
1930,12,17,53
1870,6,54,68
1848,10,13,18
1877,10,4,7
1870,3,3,3
1878,1,6,6
1847,3,5,6
1863,7,21,23
1851,6,8,9
1847,6,4,4
1853,7,7,9
1868,4,6,7
1864,12,1,1
1844,11,1,1
1846,4,2,2
1807,8,1,1
1825,10,1,1
1797,9,1,1
1808,7,1,1
1769,6,2,2
1857,11,2,2
1741,4,1,1
1821,10,1,1
1879,12,2,2
1851,3,1,1
1859,12,1,1
1830,10,1,1
2025,10,1526,31672
2021,8,4639,274986
2024,7,5099,366287
2019,4,3075,265563
1988,6,4018,99322
2016,10,1953,89419
1977,8,2002,55540
1989,6,3761,89695
1989,3,970,9113
1997,9,2404,100223
1988,3,765,6564
2003,3,1158,41271
1992,9,1965,54543
1996,9,2410,97827
2004,1,273,2667
1992,5,3277,111674
2001,7,4785,395942
2003,6,4720,378581
2020,1,871,2989
1991,5,3035,57930
1978,7,2411,57489
1991,9,2165,69770
1996,5,2698,67067
1980,6,2525,43019
1997,5,3452,144934
2017,12,592,5686
1938,6,882,2285
1958,7,831,4221
2006,12,820,5241
1999,11,891,10177
1998,11,838,9411
1965,7,1192,7128
1975,1,504,1484
2010,1,322,2614
1983,10,863,8339
1904,7,574,1529
1939,7,774,1874
1963,4,358,1090
1962,11,108,235
1908,8,388,952
1924,7,613,1634
1959,10,191,644
1934,7,804,3159
2011,11,848,24809
2013,1,409,3345
1985,11,344,2158
1973,11,291,1848
1955,10,166,538
1936,8,907,2939
1946,6,771,2331
1944,6,505,1231
1949,11,72,273
1972,4,631,4084
1900,7,694,1809
1940,12,415,1430
1980,3,596,2764
1895,5,196,408
1917,9,280,525
1902,4,112,186
1943,8,360,777
1890,6,207,447
1895,9,144,355
1947,10,182,1310
1909,7,482,1228
1961,2,79,201
1982,12,335,1480
1898,7,551,1534
1894,9,97,185
1917,5,295,629
1920,4,150,281
1957,12,47,85
1956,4,220,563
1919,10,76,185
1914,1,66,93
1933,10,128,251
1946,3,112,418
1928,2,64,109
1927,10,138,251
1921,7,647,2280
1901,7,514,1499
1891,4,55,77
1986,2,152,600
1915,10,105,205
1953,1,111,171
1926,4,285,456
1964,2,121,239
1937,9,376,939
1894,5,171,301
1911,11,18,34
1874,5,13,15
1831,7,5,5
1937,5,580,1353
1878,8,63,90
1867,9,8,8
1893,2,15,33
1871,7,44,51
1925,11,50,84
1938,3,173,386
1942,4,177,358
1883,7,84,137
1868,6,53,71
1867,5,17,26
1841,8,3,3
1954,1,103,133
1874,9,20,22
1889,12,8,10
1857,5,8,9
1890,3,37,49
1860,4,26,40
1846,6,39,40
1862,7,36,57
1829,12,1,1
1899,2,44,61
1912,12,17,32
1944,3,37,68
1906,12,112,180
1870,4,14,20
1868,3,11,19
1845,7,19,24
1907,2,16,69
1820,5,7,7
1873,10,2,2
1857,9,4,15
1865,7,20,24
1826,5,2,3
1856,7,19,21
1824,7,3,4
1910,12,15,26
1903,1,15,22
1805,9,1,1
1810,5,1,2
1810,9,4,5
1844,9,2,2
1844,5,6,6
1828,8,1,1
1850,12,1,1
1854,7,6,6
1840,4,2,2
1675,6,1,1
1847,4,4,4
1826,9,1,1
1846,3,1,1
1876,2,2,2
1746,4,1,1
2017,7,4818,1037810
2021,6,5576,236847
2020,4,2300,75340
2015,5,3781,249763
2006,7,4828,841373
2014,5,3867,326283
2021,3,1507,25176
2003,8,3730,464518
2005,9,2997,203069
2019,1,859,7073
2005,5,3830,205958
2025,11,1048,11391
1962,10,350,998
1989,8,2959,87669
1973,10,525,6183
2011,10,1696,101425
1977,6,2048,26615
1950,9,357,672
2014,9,2990,291449
1980,8,2380,64452
2015,9,3065,281061
1988,8,3294,93025
2024,12,931,8968
2010,4,1922,152612
2013,4,1714,80943
2004,4,2219,101527
2016,11,967,14448
1982,7,3168,99721
1985,10,1211,13242
1998,10,1678,23578
1999,10,1724,32727
1972,1,237,432
1956,1,32,66
2000,2,576,5049
1995,2,372,2576
1975,4,643,5782
1938,8,680,2537
1905,9,237,587
1965,12,386,573
1977,3,497,5107
1963,1,86,122
2001,12,839,4051
1943,6,540,1128
1993,2,414,5705
1908,6,502,1118
1940,7,529,1125
2002,2,723,4630
1949,10,172,552
1990,2,571,3086
1920,1,51,70
1905,5,429,1111
1983,11,441,4344
1959,11,60,174
1957,7,818,2308
1946,8,641,2751
1978,12,272,1213
1906,7,590,1766
1954,4,275,858
1925,10,138,279
1912,7,666,1950
1953,4,258,705
1933,11,47,123
1950,5,590,1674
1936,6,832,2520
1943,3,100,138
1979,2,206,489
1919,11,14,86
1914,4,288,505
1910,7,510,1341
1947,11,47,177
1892,2,19,31
1955,11,72,273
1936,3,132,243
1966,2,57,185
1931,5,580,1228
1889,7,196,424
1944,8,455,933
1934,12,61,175
1866,5,37,39
1927,11,38,53
1868,8,19,34
1858,9,11,13
1858,5,10,11
1931,9,356,834
1924,12,43,54
1890,8,197,357
1896,2,23,54
1903,4,119,163
1878,6,71,94
1911,10,58,100
1866,9,15,16
1942,1,42,55
1841,6,18,23
1828,6,6,7
1915,11,18,29
1875,10,21,26
1958,12,53,86
1941,2,44,75
1877,9,21,32
1908,3,40,72
1884,2,6,7
1926,1,42,113
1900,12,26,36
1848,5,39,52
1904,12,11,14
1829,7,6,6
1898,12,22,26
1939,12,45,52
1901,12,4,8
1850,7,10,15
1921,12,11,15
1902,1,13,22
1836,5,3,3
1909,12,18,41
1878,3,6,10
1877,5,14,15
1848,9,9,13
1891,1,5,7
1885,2,3,6
1870,1,2,3
1818,10,1,1
1880,2,1,2
1916,2,21,26
1883,12,4,4
1886,2,5,9
1846,8,20,22
1872,10,2,2
1830,5,3,3
1873,11,4,5
1854,12,2,5
1862,12,2,2
1827,7,5,6
1833,7,3,4
1821,9,1,2
1831,12,1,1
1836,9,2,2
1834,2,1,3
1828,3,1,1
1804,7,1,1
1830,9,3,3
1825,5,1,1
1856,12,1,1
1838,10,2,2
1837,10,1,1
1815,6,1,1
1825,9,1,1
1821,5,1,1
1851,1,1,1
2022,6,5630,280580
2024,9,3280,128374
2024,5,4644,216172
2023,8,4748,333475
2015,12,781,7120
2012,8,3966,570951
2022,3,1609,31781
1981,8,2247,70985
2002,1,664,3412
1995,1,434,2058
1990,1,743,3087
1987,3,585,3953
1972,2,321,790
1993,1,490,4993
1979,1,337,950
1987,6,3426,60461
1994,8,2808,149844
2019,2,1122,38108
2001,9,2741,108382
2007,10,1670,84915
2018,11,1283,33438
1992,7,3777,211238
1991,7,3896,172188
2001,5,3760,133136
1996,7,4010,287280
1997,7,4198,327686
1978,5,1902,23411
1976,6,2252,57832
1978,9,1650,24160
1965,5,987,3449
1968,8,1082,19280
1986,4,974,9428
2008,11,1247,18455
2009,11,698,13538
2000,1,580,3016
2005,12,640,5830
1904,5,314,629
1971,8,1249,23611
1974,6,1559,25443
1958,5,527,1306
1966,1,84,217
1984,11,809,3955
1976,3,423,2799
1904,9,265,585
2014,12,627,3458
1965,9,667,3042
1901,9,154,250
1969,10,397,5798
1935,6,906,2703
1974,3,441,3214
1909,9,326,685
1883,9,27,33
1857,7,15,17
1964,4,337,1154
1895,7,297,621
1900,5,422,839
1967,6,1444,9396
1948,11,44,253
1922,10,148,275
1967,3,198,1151
1928,4,278,467
1930,10,206,522
1961,4,387,991
1934,9,434,1075
1900,9,276,611
1917,7,772,2711
1934,5,610,1285
1939,5,644,1483
1845,9,13,13
1958,9,393,998
1924,9,268,554
1970,11,193,1593
1951,10,174,657
1921,5,513,1468
1956,2,18,39
1894,7,323,1136
1937,7,868,2396
1909,5,363,763
1831,9,17,17
1921,9,249,802
1932,11,37,78
1901,5,417,833
1960,11,51,108
1963,2,29,73
1918,6,707,1832
1871,5,13,13
1935,3,93,188
1952,11,46,97
1918,3,72,104
1899,4,114,189
1898,5,330,580
1856,5,5,6
1897,10,70,129
1939,9,180,301
1874,7,39,41
1871,9,11,20
1898,9,176,320
1920,2,55,125
1835,6,4,4
1891,2,9,14
1929,11,73,107
1862,5,28,38
1893,4,101,188
1879,10,10,20
1798,6,1,1
1923,11,47,89
1862,9,39,64
1913,11,36,54
1842,4,1,1
1856,9,2,2
1882,8,55,70
1931,12,19,38
1950,12,32,54
1883,5,55,64
1824,5,1,1
1924,5,412,865
1941,1,59,71
1826,7,6,7
1926,2,58,115
1905,12,13,25
1907,4,135,258
1870,2,3,3
1844,7,19,23
1854,9,19,22
1945,11,29,177
1884,1,14,26
1819,7,12,18
1902,2,9,17
1942,2,9,34
1867,7,13,15
1865,9,14,15
1852,4,1,1
1865,5,15,18
1859,10,8,9
1845,5,5,6
1886,1,18,18
1881,11,4,5
1916,1,37,42
1809,7,3,4
1836,12,0,4
1849,8,8,9
1888,11,5,10
1866,12,1,1
1896,1,16,18
1892,1,4,5
1887,11,10,20
1876,4,4,5
1864,10,3,6
1805,7,2,2
1869,11,2,2
1880,1,2,2
1820,7,2,2
1803,6,1,1
1810,7,2,5
1832,8,2,2
1678,6,1,1
1854,5,6,6
1863,11,2,2
1885,1,2,2
1847,2,1,1
1851,2,2,2
1860,2,1,1
2024,10,2419,47345
2025,7,3633,198510
2021,2,912,6940
2016,7,5065,896654
2023,4,2546,85988
2007,5,3741,235227
1993,6,3873,122552
2000,6,5258,233344
2012,4,1780,57857
1983,7,2925,116337
1986,8,3082,78102
1961,8,735,2254
2001,10,1862,55692
1994,4,1461,27105
1987,1,496,2747
2006,11,895,18055
2002,3,1291,37767
1977,2,466,2046
2022,1,754,4212
1990,6,3479,87774
2007,9,2523,193664
2002,6,4601,262058
1979,6,2803,41441
1995,6,3520,132324
1993,3,797,14835
1990,3,984,23332
2017,11,1024,17961
2000,3,1270,38324
1981,4,999,10149
1978,10,1140,14793
1985,12,603,2861
1969,9,783,10000
1976,1,420,1231
1995,3,742,12459
1955,7,1096,5218
1904,10,124,222
1966,6,1289,8831
1967,1,111,445
1959,7,779,4384
1969,5,1052,6209
1928,8,426,1312
1998,12,1298,6594
1919,7,592,2071
1974,1,199,389
1899,8,418,977
1897,5,215,384
1935,1,86,175
1979,3,329,1664
1941,6,748,1953
1947,7,775,4155
1973,12,403,1092
1964,8,869,4820
1859,5,26,33
2011,12,460,5819
1971,4,510,4272
1958,10,169,401
1968,4,457,3307
1982,11,442,3595
1909,10,173,350
1966,3,203,837
1933,7,733,2170
1924,10,110,213
1951,9,519,2080
1876,8,30,40
1999,12,957,4077
1927,7,653,2075
1965,10,332,1938
1951,5,481,1330
1906,11,16,58
1892,6,322,1016
1897,9,139,247
1922,5,430,1252
1930,9,362,1291
1898,10,88,183
1916,6,517,1421
1885,6,166,317
1915,7,771,2115
1934,10,112,236
1930,5,449,1047
1893,8,177,586
1873,7,35,43
1886,6,193,305
1922,9,311,1486
1896,3,41,73
1900,10,87,152
1921,10,84,203
1834,6,2,2
1896,6,496,1312
1908,2,31,89
1864,9,15,17
1889,11,25,61
1957,11,63,118
1907,8,407,1099
1925,12,19,65
1882,4,27,33
1880,6,54,74
1912,11,39,83
1949,12,33,131
1962,12,83,107
1901,10,55,82
1911,12,11,18
1941,3,82,124
1939,10,87,117
1864,5,23,26
1884,6,145,243
1936,2,76,115
1892,3,34,66
1940,11,20,22
2026,1,466,2404
1943,2,24,33
1886,3,12,14
1884,3,10,16
1801,4,1,1
1918,1,18,23
1910,11,15,39
1916,3,29,34
1862,10,6,6
1880,3,11,13
1871,10,4,4
1879,9,9,11
1845,10,4,7
1879,5,33,49
1878,2,4,11
1843,5,8,8
1865,10,4,5
1859,9,5,9
1852,8,5,5
1823,7,3,3
1883,10,12,13
1806,8,2,2
1885,3,4,5
1843,9,3,4
1832,4,1,1
1833,11,4,4
1842,8,1,1
1849,4,1,1
1822,6,1,1
2020,6,4266,224051
2007,7,4757,519159
2025,5,4006,140513
2019,8,4008,950277
2016,9,3138,289847
2020,3,1243,18014
2021,4,2384,74603
2025,9,2212,63430
2016,5,3960,309857
2013,6,4586,384799
2023,2,808,6408
2010,6,4647,564984
2010,3,949,36347
1980,1,422,1169
1989,1,811,5826
1988,1,932,5681
1996,10,1608,31338
2004,3,806,33347
1972,8,1541,26261
1994,2,305,4115
1968,2,199,413
2004,6,5304,385678
2015,11,1146,25188
2014,11,1009,17252
1992,10,937,14276
2018,12,666,9001
1991,10,1370,28928
2005,11,681,17456
1997,10,1709,32426
1975,6,1792,26394
2013,3,921,12756
2012,2,634,14038
1983,5,2029,17212
1983,9,1516,22065
1969,7,1324,27945
1984,12,373,1589
2009,12,785,6242
1951,7,1059,5587
1981,2,250,845
2003,1,445,2387
1977,4,819,7235
1954,6,918,3123
1938,1,83,146
1963,8,869,3410
1953,6,1062,3825
1903,6,606,1274
1971,2,150,700
2008,12,836,5326
1959,5,1101,2776
1955,9,384,1274
1933,5,632,1598
1956,8,610,1735
1859,7,22,42
1947,5,725,2319
1953,3,122,356
1930,7,617,2117
1914,6,961,2386
1975,3,339,2129
1926,8,521,1538
1970,12,123,462
1959,9,389,1751
1954,3,96,210
1860,8,24,42
1955,5,652,2017
1947,9,277,1399
1927,9,359,972
1948,12,28,130
1902,8,376,1119
1933,9,313,863
1891,8,214,462
1879,7,93,166
1897,7,470,1311
1905,11,24,63
1851,8,6,6
1868,1,3,3
1915,5,522,1419
1908,4,110,294
1864,7,22,27
1919,9,285,512
1870,8,37,58
1919,5,506,1425
1927,5,503,1051
1950,11,50,85
1942,8,353,737
1895,10,38,75
1952,12,38,69
1920,8,480,1612
1915,9,524,1120
1937,10,179,372
1936,4,283,457
1847,8,23,30
1913,12,38,55
1922,7,551,1805
1943,4,216,325
1914,3,127,210
1945,12,29,50
1917,10,71,127
1931,11,48,130
1903,3,53,79
1894,10,49,69
1929,12,43,87
1878,4,11,14
1960,12,215,303
1946,1,247,331
1881,12,2,2
1944,1,37,40
1839,7,5,5
1873,9,9,14
1923,12,85,107
1932,12,25,171
1873,5,11,14
1882,2,11,14
1867,10,9,10
1890,1,11,15
1857,10,7,8
1888,12,11,12
1840,8,3,3
1874,10,6,7
1866,11,1,1
1807,6,1,1
1805,10,0,1
1841,4,2,2
1843,7,1,1
1830,11,1,1
1813,4,1,1
1809,10,1,1
1855,12,1,1
1877,11,3,3
1758,5,1,1
2025,4,2708,93519
2023,7,5519,447105
2021,9,3578,141960
2015,6,4578,508134
2005,6,4623,384563
2021,5,3833,106857
2014,6,4598,628892
2012,7,4515,587013
2019,10,1929,90092
2016,4,2055,101288
1981,7,3041,71455
1994,7,3685,226814
1991,8,3110,173812
1977,5,1577,14484
1985,1,519,1690
2007,2,526,8977
1973,1,155,479
2014,3,1487,82496
2022,12,649,2707
2020,11,1223,9266
1992,8,2533,120901
1997,8,3146,266490
2015,3,1185,39185
1996,8,3472,327248
2005,3,1036,46176
1977,9,1515,26506
1905,6,747,1931
1972,10,924,8606
1999,1,487,1973
2004,11,779,17096
1971,7,1471,34803
2013,11,1115,18173
2011,1,443,4244
1942,10,108,171
1983,4,1096,9814
1968,7,1242,21986
2010,11,703,13892
1975,11,396,3257
1905,3,146,298
1998,1,551,2444
1963,10,265,769
1937,8,730,2277
1974,12,455,1475
1955,4,243,869
1950,6,893,2675
1936,5,700,1530
1987,12,623,3003
1902,10,53,82
1931,6,891,2283
1915,4,301,1184
1866,6,52,55
1959,4,368,906
1950,3,122,355
1895,8,201,465
1976,12,361,1146
1967,12,246,618
1920,10,86,148
1857,8,13,25
1917,8,469,1644
1947,4,217,552
1956,10,153,416
1919,4,141,247
1867,8,31,44
1936,9,391,932
1933,4,307,558
1894,8,166,389
1954,11,58,167
1858,6,28,32
1943,9,244,486
1951,2,52,92
1882,7,57,80
1953,11,72,221
1908,9,232,703
1969,2,74,283
1931,3,91,149
1943,5,476,884
1949,1,68,117
1908,5,263,568
1927,4,202,497
1860,10,5,7
1930,2,45,68
1878,9,31,33
1840,10,15,15
1891,10,34,84
1903,11,37,82
1926,10,76,134
1962,1,173,253
1874,8,31,37
1877,6,50,106
1918,12,6,16
1897,2,58,114
1844,8,16,17
1848,6,21,25
1878,5,24,42
1849,7,17,26
1925,1,75,96
1836,6,4,4
1873,4,13,14
1911,1,39,68
1922,2,30,40
1935,12,22,42
1870,10,4,4
1866,3,13,13
1819,8,3,3
1848,3,1,4
1858,3,1,1
1914,11,19,22
1877,3,2,3
1826,8,3,4
1828,9,3,5
1695,7,2,2
1832,7,3,4
1879,2,1,1
1828,5,1,1
1805,8,1,1
1875,1,1,2
1655,7,1,1
1847,10,1,1
1825,6,2,2
1864,2,1,1
1841,5,1,1
1769,10,1,1
2021,7,5152,359719
2024,8,4249,270951
2023,9,3646,158906
2023,5,4652,206018
2012,9,2955,220346
1981,9,1468,24773
2017,6,5228,677748
2025,2,843,9198
2006,6,5279,517695
1994,9,1860,55674
1952,1,83,125
2009,1,453,2444
2017,3,1611,80350
2012,5,4073,233639
1994,5,2919,62735
2001,8,3716,295412
2007,4,2397,213781
1982,6,3290,63991
2008,1,382,3991
1986,10,1466,18733
1981,5,2180,20298
2002,11,960,12968
1977,7,2417,62324
1978,8,2177,59396
1984,1,692,2011
1990,11,559,9042
2000,11,1000,10759
1993,11,434,10049
1983,2,359,1060
2006,3,643,15100
1995,11,505,10286
1982,3,703,4554
1979,11,284,2763
1934,8,630,1954
1970,1,231,540
1940,6,656,1290
1965,8,1134,6463
1971,9,944,12044
1960,1,142,265
2003,12,938,5324
1906,3,107,198
1957,6,870,2783
1989,12,448,3072
1939,8,713,2685
1904,8,439,1287
1936,7,909,3001
1958,8,641,1805
1906,6,789,1910
1971,5,1027,9142
1945,1,47,52
1968,5,888,5266
1968,9,677,8700
1980,12,534,1927
1966,11,98,643
2016,2,811,6874
1969,4,389,2935
1889,6,281,627
2018,1,638,4845
1912,6,730,2102
1988,12,537,2973
1957,3,162,387
1908,7,464,1247
1964,10,284,998
1943,7,590,1448
1928,10,131,321
1951,4,215,588
1883,8,70,101
1910,6,498,1305
1892,11,18,85
1893,10,51,119
1850,6,16,20
1900,8,451,1153
1831,8,3,3
1940,3,79,132
1923,1,60,87
1961,10,184,480
1921,8,375,1373
1932,1,56,74
1924,8,464,2481
1898,8,424,838
1871,8,18,21
1912,3,63,175
1927,2,40,61
1889,3,30,37
1909,8,433,1198
1901,8,388,831
1930,4,246,646
1929,1,61,62
1959,2,76,128
1910,3,93,185
1899,10,126,252
1862,8,63,87
1897,4,81,204
1922,4,103,188
1876,10,13,22
1916,11,29,55
1882,5,69,150
1907,10,147,237
1878,7,81,107
1827,6,9,11
1882,9,59,98
1933,2,34,63
1879,4,20,27
1919,2,23,51
1938,12,25,56
1913,1,30,43
1896,11,33,44
1948,1,97,127
1944,12,26,51
1955,2,18,36
1946,12,15,47
1915,2,18,26
1941,11,31,58
1849,5,11,22
1886,11,4,4
1845,8,9,9
1864,4,5,5
1947,2,9,13
1865,8,13,17
1887,1,33,35
1856,8,5,7
1884,11,4,4
1890,12,5,6
1859,4,3,3
1832,9,1,1
1863,1,2,2
1885,11,5,7
1868,12,1,1
1869,1,1,1
1829,6,3,3
1880,11,1,1
1749,9,1,1
1888,1,4,6
1881,1,2,3
1833,6,3,3
1824,8,3,3
1804,6,1,1
1842,10,1,1
1832,5,1,1
1843,4,2,2
1854,8,3,3
1849,9,1,2
1873,2,1,1
1852,10,1,1
1828,7,2,2
1813,7,1,1
1811,9,1,1
1839,4,1,1
2020,5,4070,161605
2025,6,4499,191013
2020,9,3146,108578
2016,6,4722,482354
1995,7,4287,326042
2025,3,1445,32677
2013,9,3206,282693
2015,4,2332,205742
2010,9,2815,231977
2013,5,3363,183594
2011,8,3565,485101
2016,3,1421,40234
2002,7,4516,393049
2004,5,4398,236909
2021,11,1232,9281
2014,4,2558,211092
1985,8,3041,70919
1991,1,562,2133
1989,10,1723,19661
2006,2,310,3135
1980,10,931,7505
1975,9,996,14020
1973,8,1644,34209
1992,1,514,2245
1999,8,3661,233528
2004,9,2993,171910
2000,7,5065,357405
2005,4,1782,107715
2017,2,839,10789
2010,5,3407,266869
1998,8,3757,284664
1993,7,3734,149571
1979,7,2769,69550
1990,7,3596,165141
1983,6,3131,50148
2003,10,1736,51837
1996,1,361,3174
1988,10,1804,23985
1975,5,1297,7963
1953,5,920,2878
1962,8,943,3658
1894,1,15,25
1966,7,1293,10449
1983,3,551,4454
1977,11,403,2299
1762,1,10,33
1954,9,464,1361
1905,4,277,573
1919,6,673,1899
1927,6,560,1333
1997,1,653,2768
1949,8,674,3185
1959,6,759,3534
1955,6,928,3422
1947,6,1042,4277
1982,2,309,1571
1937,1,60,96
1954,5,657,1968
1903,5,308,753
1986,12,535,2043
1946,10,159,632
1953,9,544,1909
1914,9,226,478
1933,6,868,2277
1914,5,544,1431
1931,4,287,812
1925,8,470,1814
1896,7,298,778
1950,4,253,440
1916,7,617,2026
1959,3,194,330
1938,10,121,274
1911,8,335,844
1915,6,767,2351
1892,7,264,808
1884,7,117,176
1912,2,27,125
1872,8,30,54
1880,7,77,93
1927,3,115,191
1947,3,44,197
1957,2,47,100
1955,3,43,119
1885,7,147,243
1936,11,58,112
1903,9,232,379
1964,12,212,313
1933,3,117,272
1941,7,659,2015
1846,10,12,12
1944,10,75,120
1886,7,113,167
1910,2,32,52
1906,2,10,54
1919,3,24,48
1961,12,227,267
1875,8,30,40
1890,10,24,64
1873,6,37,44
1915,3,67,107
1940,2,15,87
1908,11,46,61
1943,11,40,78
1837,8,19,30
1899,12,25,33
1907,12,26,33
1928,12,40,55
1895,1,11,19
1893,12,18,31
1830,4,1,1
1877,4,5,5
1818,8,4,9
1842,12,1,1
1857,1,1,1
1917,1,31,41
1848,4,15,20
1866,4,6,6
1858,4,2,2
1838,8,3,3
1820,1,1,2
1834,7,2,2
1868,10,4,6
1836,4,1,1
1889,2,5,6
1802,7,1,1
1807,5,1,1
1867,1,1,2
1833,2,2,2
1878,11,1,2
1684,6,1,1
1873,3,1,1
2024,6,5470,245629
2022,5,4455,191925
2024,3,1695,39120
2022,9,3107,99834
2017,8,3932,636851
2003,7,4285,526176
2018,4,2278,165419
2001,6,4564,189323
2000,10,2021,42340
1987,9,2130,40116
1984,4,1367,17054
1998,2,757,7821
1990,10,1124,28513
1974,9,1070,10596
1977,12,502,2219
1976,9,1019,18836
1976,5,1567,20134
2009,4,2064,158802
1988,7,3838,100602
1987,5,2530,37058
1989,7,4030,157328
2006,8,3327,429603
2021,12,766,3504
1995,10,1551,33785
1980,7,2499,59495
1982,8,2569,67131
1978,6,2539,38368
2008,4,1673,78624
1999,2,567,3588
2002,10,1543,45662
2011,2,463,12972
1957,8,592,2602
1863,4,12,14
2001,3,516,10711
1969,1,121,482
1979,10,905,11987
1993,10,1218,17747
1978,3,505,3505
1986,11,522,4288
2007,1,419,4700
1974,5,1429,11246
1970,4,322,2349
1939,6,801,1932
1944,7,530,1225
1958,6,717,2528
1973,2,99,477
1965,6,1321,6366
1948,4,273,874
1946,7,771,3477
1901,6,654,1448
1910,8,381,2420
1904,3,104,719
1951,1,97,165
1900,6,761,1582
1934,6,904,2685
1966,10,332,2305
1856,6,29,40
1967,5,719,2969
1967,9,784,5596
1952,4,363,1237
1965,3,201,938
1949,2,41,150
1921,6,636,1638
1961,11,58,141
1853,4,6,6
1909,6,567,1278
1890,7,259,603
1935,9,398,1214
1960,4,361,1126
1932,4,199,298
1945,4,349,597
1962,2,101,147
1846,7,19,21
1935,5,563,1243
1924,6,768,1888
1940,8,474,1127
1898,6,505,1363
1985,2,239,1491
1885,10,14,31
1938,7,957,2463
1904,6,583,1230
1964,11,134,413
1862,6,57,79
1889,8,141,329
1918,5,563,1916
1929,4,198,255
1924,3,101,168
1907,11,37,87
1906,8,446,1030
1939,3,91,165
1871,6,36,46
1912,8,538,1478
1916,10,49,66
1887,4,25,41
1868,7,26,36
1921,3,82,153
1872,2,2,2
1958,3,97,181
1913,4,189,299
1934,3,140,287
1865,6,74,105
1883,6,118,163
1941,10,220,416
1928,11,50,95
1898,3,92,159
1892,10,30,121
1884,10,13,18
1909,3,52,93
1923,4,187,350
1918,9,176,326
1871,3,4,6
1900,3,91,156
1930,1,69,90
1881,4,30,32
1880,10,12,13
1901,3,66,108
1845,6,19,21
1888,4,36,49
1911,2,20,43
1908,12,76,112
1854,6,10,14
1899,11,45,71
1896,10,29,49
1862,3,4,4
1936,12,30,55
1922,1,149,286
1886,10,17,25
1943,12,19,31
1893,11,13,24
1883,3,8,11
1864,1,30,40
1925,2,45,56
1861,4,11,11
1869,4,3,3
1897,1,18,26
1829,8,5,5
1845,3,4,4
1855,4,1,1
1841,12,1,1
1839,1,1,1
1879,1,5,19
1800,1,6,8
1859,1,1,1
1798,5,1,1
1822,10,1,1
1835,5,2,2
1850,8,3,4
1827,8,2,2
1824,6,2,3
1852,11,1,1
1865,3,2,2
1831,6,3,3
1833,8,3,3
1856,3,2,2
1875,2,1,1
1854,3,1,1
2025,12,581,3799
2022,4,2862,100994
2018,5,4050,456479
2011,7,4950,762020
2002,8,3814,351481
2017,10,2071,111945
2024,11,1475,16417
2018,9,2903,293790
2000,8,4205,325491
2008,5,3745,269994
2008,9,2679,205800
2016,12,900,9047
2009,9,2944,249197
2009,5,3881,298819
1993,8,2923,135445
2001,11,1085,14601
1981,1,468,2846
1976,4,888,10432
2023,1,606,2911
1985,7,3574,95549
1999,7,4863,406510
1990,8,2635,117915
1979,8,2181,58727
1998,7,4546,280211
1986,6,3615,68415
1995,8,2748,205431
1984,5,2298,27981
1984,9,1599,25478
2006,10,1751,94818
1962,7,1018,4900
1987,4,1664,24942
1966,8,1098,9075
1971,1,143,455
2012,1,453,4489
1973,7,1493,44747
1994,1,496,2670
1964,6,1279,6037
1961,6,828,3028
2003,2,444,4462
1968,1,117,395
1986,3,708,3918
1989,2,485,2340
1881,9,30,49
1960,9,525,1400
1952,5,865,3375
1974,4,793,6580
1970,9,664,10192
1952,9,355,1025
1978,11,459,4873
1982,10,919,10550
1932,5,494,898
1983,12,837,2482
1970,5,1119,9707
1935,4,381,939
1949,7,722,4321
1923,9,304,1007
1957,10,195,518
1967,4,445,1988
1945,9,249,480
1842,6,14,20
1980,2,227,1527
1925,7,559,2186
1964,3,197,459
1948,9,302,1222
1988,2,453,2975
1960,5,658,2810
1899,6,675,1734
1948,5,675,2310
1929,9,494,1084
1892,8,222,600
1912,10,97,167
1946,2,33,134
1883,11,1,1
1900,11,34,49
1945,5,559,1255
1876,6,87,116
1961,3,215,542
1947,12,22,95
1913,9,345,921
1932,9,292,743
1863,5,35,42
1965,11,85,362
1928,6,693,1564
1893,6,294,758
1880,8,70,95
1911,7,591,1635
1928,3,83,118
1887,9,41,77
1929,5,488,991
1888,5,74,111
1918,4,130,237
1941,8,563,1661
1913,5,430,941
1887,5,55,83
1907,6,454,956
1882,1,15,16
1958,11,77,140
1893,3,47,101
1955,12,66,117
1923,5,389,929
1904,11,46,104
1886,8,111,162
1899,3,54,77
1916,8,451,1600
1875,7,65,80
1862,11,4,4
1885,8,86,140
1898,11,34,57
1934,11,33,105
1907,3,94,164
1896,8,192,602
1834,8,4,6
1869,5,20,22
1853,9,8,9
1933,12,68,166
1927,12,33,55
1889,10,26,54
1959,12,43,70
1884,8,96,195
1863,9,24,34
1861,9,31,46
1910,10,63,124
1888,9,65,90
1940,10,122,227
1921,11,35,47
1909,11,43,92
1906,10,108,217
1855,9,23,28
1939,11,54,70
1846,2,2,2
1944,2,39,102
1837,7,4,11
1881,5,52,74
1924,11,31,58
1890,2,15,17
1919,12,22,25
1872,7,27,30
1901,11,19,27
1938,2,22,137
1799,6,2,2
1803,4,1,1
1838,7,4,4
1915,12,36,41
1869,9,9,26
1873,12,4,5
1833,10,7,7
1818,7,2,2
1855,5,5,5
1806,6,2,2
1849,1,1,1
1842,3,1,2
1850,10,2,3
1861,5,5,5
1835,4,2,2
1852,6,2,3
1868,2,1,1
1853,5,1,1
1876,3,1,1
1856,11,2,2
1829,10,1,1
1854,11,1,2
